{"accuracy": [0.5044842958450317, 0.591928243637085, 0.5986546874046326, 0.6479820609092712, 0.6547085046768188, 0.6569506525993347, 0.6771300435066223, 0.726457417011261, 0.6883407831192017, 0.6995515823364258, 0.7354260087013245, 0.7466367483139038, 0.7780268788337708, 0.786995530128479, 0.7802690863609314, 0.804932713508606, 0.786995530128479, 0.8273542523384094, 0.8004484176635742, 0.8587443828582764, 0.8542600870132446, 0.8565022349357605], "loss": [0.7132689356803894, 0.6778205037117004, 0.6601608991622925, 0.6275991201400757, 0.6258118152618408, 0.6163002848625183, 0.5907374024391174, 0.5800426602363586, 0.5859154462814331, 0.5850584506988525, 0.521099865436554, 0.5041347742080688, 0.45882320404052734, 0.47454553842544556, 0.44737011194229126, 0.41589927673339844, 0.42095574736595154, 0.38095980882644653, 0.39614564180374146, 0.35457223653793335, 0.3118349015712738, 0.31972941756248474], "val_accuracy": [0.6036036014556885, 0.6936936974525452, 0.4324324429035187, 0.7387387156486511, 0.5315315127372742, 0.7837837934494019, 0.6756756901741028, 0.9009009003639221, 0.6576576828956604, 0.8108108043670654, 0.5945945978164673, 0.8018018007278442, 0.7207207083702087, 0.6036036014556885, 0.7837837934494019, 0.8918918967247009, 0.6936936974525452, 0.6576576828956604, 0.7207207083702087, 0.8288288116455078, 0.7567567825317383, 0.7747747898101807], "val_loss": [0.6393666863441467, 0.5945035815238953, 0.6448732614517212, 0.47044244408607483, 0.6030880808830261, 0.4342658519744873, 0.575389564037323, 0.365798681974411, 0.5561500191688538, 0.35157907009124756, 0.6469290256500244, 0.4010069966316223, 0.5652403831481934, 0.6758719682693481, 0.38047730922698975, 0.24669121205806732, 0.5022127628326416, 0.7108042240142822, 0.5121395587921143, 0.4039147198200226, 0.5632855892181396, 0.545850396156311], "learning_rate": [0.0010000000474974513, 0.0010000000474974513, 0.0010000000474974513, 0.0010000000474974513, 0.0010000000474974513, 0.0010000000474974513, 0.0010000000474974513, 0.0010000000474974513, 0.0010000000474974513, 0.0010000000474974513, 0.0010000000474974513, 0.0010000000474974513, 0.0010000000474974513, 0.0005000000237487257, 0.0005000000237487257, 0.0005000000237487257, 0.0005000000237487257, 0.0005000000237487257, 0.0005000000237487257, 0.0002500000118743628, 0.0002500000118743628, 0.0002500000118743628]}