{"accuracy": [0.5787500143051147, 0.566428542137146, 0.5782142877578735, 0.583392858505249, 0.5846428275108337, 0.602142870426178, 0.6098214387893677, 0.6239285469055176, 0.6428571343421936, 0.6569643020629883, 0.6485714316368103, 0.6589285731315613, 0.6633928418159485, 0.662678599357605, 0.6833928823471069, 0.673035740852356, 0.6876785755157471, 0.6973214149475098, 0.6908928751945496, 0.7039285898208618, 0.7024999856948853, 0.7216071486473083, 0.7239285707473755, 0.739464282989502, 0.7339285612106323, 0.7446428537368774, 0.7448214292526245, 0.762499988079071, 0.7755357027053833, 0.7823214530944824, 0.7757142782211304, 0.7857142686843872, 0.7967857122421265, 0.8023214340209961, 0.8100000023841858, 0.810535728931427, 0.8139285445213318, 0.8258928656578064, 0.8323214054107666, 0.84375, 0.8455356955528259, 0.8478571176528931, 0.8592857122421265, 0.8573214411735535, 0.8585714101791382, 0.8576785922050476, 0.8573214411735535, 0.8648214340209961, 0.8614285588264465, 0.8621428608894348], "loss": [0.8162714242935181, 0.7593642473220825, 0.726887047290802, 0.7189199328422546, 0.7147639989852905, 0.6826554536819458, 0.6680104732513428, 0.6565701961517334, 0.645896315574646, 0.6330675482749939, 0.6354578137397766, 0.6263535618782043, 0.6282105445861816, 0.6331163048744202, 0.610180139541626, 0.611904501914978, 0.5948365926742554, 0.5836805105209351, 0.592397153377533, 0.5802038311958313, 0.5707758665084839, 0.5554897785186768, 0.5528941750526428, 0.5284479856491089, 0.5325866937637329, 0.5236557722091675, 0.5185458660125732, 0.49190208315849304, 0.47605037689208984, 0.46843090653419495, 0.4705900251865387, 0.45580199360847473, 0.4362483322620392, 0.4186754822731018, 0.41293805837631226, 0.4072493612766266, 0.4015994668006897, 0.37700802087783813, 0.3734132647514343, 0.3585299551486969, 0.35715726017951965, 0.343654990196228, 0.3318924307823181, 0.3254004418849945, 0.3261459469795227, 0.31763359904289246, 0.3213972747325897, 0.31233373284339905, 0.3202918767929077, 0.31043148040771484], "val_accuracy": [0.5, 0.5566666722297668, 0.5766666531562805, 0.6200000047683716, 0.5183333158493042, 0.6291666626930237, 0.6016666889190674, 0.6366666555404663, 0.5, 0.503333330154419, 0.5766666531562805, 0.5741666555404663, 0.5391666889190674, 0.6424999833106995, 0.5091666579246521, 0.6675000190734863, 0.6949999928474426, 0.70333331823349, 0.5950000286102295, 0.7016666531562805, 0.6974999904632568, 0.7241666913032532, 0.6933333277702332, 0.7008333206176758, 0.7141666412353516, 0.6958333253860474, 0.5099999904632568, 0.6891666650772095, 0.7350000143051147, 0.7683333158493042, 0.7941666841506958, 0.7825000286102295, 0.7774999737739563, 0.7891666889190674, 0.7816666960716248, 0.7908333539962769, 0.8100000023841858, 0.8108333349227905, 0.8058333396911621, 0.8149999976158142, 0.8433333039283752, 0.7925000190734863, 0.8083333373069763, 0.762499988079071, 0.7799999713897705, 0.8224999904632568, 0.8299999833106995, 0.824999988079071, 0.8291666507720947, 0.8333333134651184], "val_loss": [0.837263822555542, 0.7464525699615479, 0.8499367237091064, 0.6546701192855835, 0.7314414381980896, 0.6538063287734985, 0.6598010063171387, 0.6508192420005798, 0.9470505714416504, 1.693905234336853, 0.6733365654945374, 0.6842811703681946, 0.7202249765396118, 0.6247286796569824, 1.1257736682891846, 0.6132650971412659, 0.5752249956130981, 0.5738124251365662, 0.7087440490722656, 0.559006929397583, 0.5780885219573975, 0.5452355146408081, 0.5801345705986023, 0.6040160655975342, 0.5563547015190125, 0.587925910949707, 1.3586150407791138, 0.625876247882843, 0.549389660358429, 0.4896339476108551, 0.43486258387565613, 0.45517808198928833, 0.4573315382003784, 0.46952977776527405, 0.46837759017944336, 0.4205404818058014, 0.39719781279563904, 0.42527252435684204, 0.43376627564430237, 0.3958125710487366, 0.34770438075065613, 0.5230340361595154, 0.4557357132434845, 0.7375001907348633, 0.6138167977333069, 0.42036673426628113, 0.42103931307792664, 0.42080992460250854, 0.408565878868103, 0.4018736183643341], "learning_rate": [0.00019999999494757503, 0.00039999998989515007, 0.0006000000284984708, 0.0007999999797903001, 0.0010000000474974513, 0.0010000000474974513, 0.000998781993985176, 0.0009951340034604073, 0.0009890737710520625, 0.0009806308662518859, 0.0009698463254608214, 0.0009567727101966739, 0.0009414738160558045, 0.0009240240324288607, 0.0009045085171237588, 0.0008830222068354487, 0.0008596698753535748, 0.0008345653186552227, 0.0008078307146206498, 0.0007795964484103024, 0.000750000006519258, 0.0007191855693235993, 0.0006873033125884831, 0.0006545084761455655, 0.0006209609564393759, 0.0005868240841664374, 0.0005522642168216407, 0.0005174497491680086, 0.0004825502401217818, 0.00044773577246814966, 0.000413175905123353, 0.00037903906195424497, 0.0003454915131442249, 0.00031269670580513775, 0.00028081441996619105, 0.0002500000118743628, 0.00022040355543140322, 0.00019216926011722535, 0.0001654346997383982, 0.0001403300993843004, 0.00011697777517838404, 9.549150126986206e-05, 7.597594958497211e-05, 5.852620233781636e-05, 4.322727181715891e-05, 3.015368929482065e-05, 1.9369152141734958e-05, 1.0926200047833845e-05, 4.865965820499696e-06, 1.2179748409835156e-06]}